{
  "lang":"en",
  "name":"pipeline",
  "version":"0.0.0",
  "spacy_version":">=3.8.11,<3.9.0",
  "description":"",
  "author":"",
  "email":"",
  "url":"",
  "license":"",
  "spacy_git_version":"e7a662a",
  "vectors":{
    "width":0,
    "vectors":0,
    "keys":0,
    "name":null,
    "mode":"default"
  },
  "labels":{
    "tok2vec":[

    ],
    "ner":[
      " B-CN",
      " B-ID",
      " B-SN",
      "B -DATE",
      "B -ID",
      "B -SN",
      "B-CN",
      "B-DATE",
      "B-IBAN",
      "B-ID",
      "B-S N",
      "B-SN",
      "B-TOTAL",
      "B-TOTAL ",
      "I-CN",
      "I-SN",
      "I-TOTAL",
      "O-CN"
    ]
  },
  "pipeline":[
    "tok2vec",
    "ner"
  ],
  "components":[
    "tok2vec",
    "ner"
  ],
  "disabled":[

  ],
  "performance":{
    "ents_f":0.9147286822,
    "ents_p":0.921875,
    "ents_r":0.9076923077,
    "ents_per_type":{
      "B-ID":{
        "p":0.9714285714,
        "r":1.0,
        "f":0.9855072464
      },
      "B-SN":{
        "p":0.9714285714,
        "r":1.0,
        "f":0.9855072464
      },
      "I-SN":{
        "p":0.8620689655,
        "r":0.5681818182,
        "f":0.6849315068
      },
      "I-CN":{
        "p":0.7538461538,
        "r":0.9074074074,
        "f":0.8235294118
      },
      "B-IBAN":{
        "p":1.0,
        "r":0.9722222222,
        "f":0.985915493
      },
      "B-DATE":{
        "p":1.0,
        "r":0.9722222222,
        "f":0.985915493
      },
      "B-CN":{
        "p":0.9705882353,
        "r":0.9428571429,
        "f":0.9565217391
      },
      "B-TOTAL":{
        "p":0.9428571429,
        "r":0.9705882353,
        "f":0.9565217391
      },
      "I-TOTAL":{
        "p":1.0,
        "r":1.0,
        "f":1.0
      },
      "B -SN":{
        "p":0.0,
        "r":0.0,
        "f":0.0
      }
    },
    "tok2vec_loss":161.1327263249,
    "ner_loss":47.8456802368
  }
}